index,image_prompt,audio_prompt
000001,"corgis","land structure thing whole high spring"
000002,"a colorful photo of an auto racing game","sure soldier day down certainly never"
000003,"painting of castle towers","national method speak particular offer someone"
000004,"tiger faces painting","board own all inside per problem"
000005,"silhouette of cats","ready feeling letter successful second about"
000006,"painting of a farm","discover national skin society girl son"
000007,"painting of castle towers","religious act send read trial than"
000008,"painting of castle towers","side face pressure might ten couple"
000009,"silhouette of cats","on important usually response public manage"
000010,"painting of a farm","hot writer remove until born I"
000011,"painting of castle towers","national policy which data direction statement"
000012,"corgis","response a require stand brother whatever"
000013,"painting of trains","action quality just debate by shoulder"
000014,"painting of a farm","meet economy lay evidence idea nation"
000015,"painting of a farm","education right attention professional western subject"
000016,"tiger faces painting","though to wide sister peace too"
000017,"cars racing","may drive performance run program religious"
000018,"painting of a farm","sexual somebody through charge opportunity training"
000019,"painting of a farm","daughter board my which animal pattern"
000020,"silhouette of cats","share perhaps perhaps east watch down"
000021,"tiger faces painting","one player successful set author already"
000022,"tiger faces painting","get buy physical election why process"
000023,"painting of a farm","already stage deep cold peace adult"
000024,"painting of castle towers","training shake appear boy base wish"
000025,"painting of a farm","early there hope us anyone activity"
000026,"tiger faces painting","at key across read culture sea"
000027,"a colorful photo of an auto racing game","day once half statement bank billion"
000028,"painting of trains","line best order decide because represent"
000029,"cars racing","once clearly drop half theory we"
000030,"painting of trains","see source seat level myself those"
000031,"corgis","color something article front a while"
000032,"tiger faces painting","hang manage total buy perform thank"
000033,"corgis","by level song fight bar for"
000034,"painting of cute dogs","against American early so senior even"
000035,"a colorful photo of an auto racing game","dream for idea safe skin tend"
000036,"corgis","bar usually a reveal school certainly"
000037,"painting of castle towers","perhaps when meet build couple party"
000038,"painting of trains","manage official Mrs price red office"
000039,"silhouette of cats","want career create ground general health"
000040,"tiger faces painting","treat respond thus pain to gas"
000041,"corgis","health know line recent unit challenge"
000042,"painting of cute dogs","note movie by first allow benefit"
000043,"tiger faces painting","popular play be establish why patient"
000044,"painting of a farm","popular year role none remove modern"
000045,"silhouette of cats","hope statement safe floor fill available"
000046,"painting of trains","manage trouble people American between risk"
000047,"silhouette of cats","that concern role would radio have"
000048,"painting of trains","opportunity public state father make small"
000049,"tiger faces painting","star pay water national rather half"
000050,"painting of a farm","traditional die book eight charge side"
000051,"painting of trains","occur guess suggest new little need"
000052,"cars racing","PM word natural performance enough open"
000053,"painting of a farm","smile draw relate determine soon interest"
000054,"cars racing","sport miss news bank Democrat trip"
000055,"tiger faces painting","film walk according evening paper college"
000056,"painting of castle towers","tax recognize national long his music"
000057,"a colorful photo of an auto racing game","must at several by learn although"
000058,"silhouette of cats","base through determine write add present"
000059,"a colorful photo of an auto racing game","dog than maybe interview relationship level"
000060,"tiger faces painting","violence show receive charge score experience"
000061,"painting of cute dogs","arrive base phone between enjoy option"
000062,"cars racing","easy perhaps shot economic affect source"
000063,"painting of a farm","Mr eye he save between evening"
000064,"painting of trains","tend partner question down rest else"
000065,"painting of castle towers","would into economy continue bag paper"
000066,"cars racing","newspaper boy both piece also budget"
000067,"cars racing","use newspaper food whom decision feeling"
000068,"silhouette of cats","they through owner board I cell"
000069,"silhouette of cats","deep commercial finally evidence machine water"
000070,"painting of trains","Mr love close sit rich it"
000071,"corgis","benefit already recently arm move many"
000072,"painting of cute dogs","no individual population our employee anyone"
000073,"tiger faces painting","likely third source five career sexual"
000074,"painting of castle towers","death history recognize relationship usually boy"
000075,"a colorful photo of an auto racing game","tax would do parent suggest explain"
000076,"cars racing","win talk direction adult if cost"
000077,"corgis","professor so three century establish notice"
000078,"tiger faces painting","half guess strong feeling chair start"
000079,"painting of castle towers","executive station prevent increase meeting live"
000080,"painting of castle towers","art prepare probably daughter two figure"
000081,"painting of cute dogs","put cell cup every above bag"
000082,"painting of trains","ability begin analysis entire perform decision"
000083,"cars racing","weight single movie enter fight class"
000084,"silhouette of cats","affect tough son bill anything product"
000085,"a colorful photo of an auto racing game","material interest story order morning left"
000086,"silhouette of cats","test machine very main almost score"
000087,"painting of a farm","red there Congress loss drug field"
000088,"painting of a farm","town what billion senior drug reflect"
000089,"cars racing","hit become prepare ready politics main"
000090,"painting of cute dogs","stand various leave without give song"
000091,"a colorful photo of an auto racing game","hard cold toward certain yourself other"
000092,"tiger faces painting","notice buy notice else next necessary"
000093,"painting of cute dogs","beautiful know name these network effort"
000094,"corgis","there along like trip small party"
000095,"silhouette of cats","protect listen stock home above catch"
000096,"corgis","control themselves chance air remain die"
000097,"painting of trains","plant box ok watch nature recently"
000098,"tiger faces painting","who high gas general right special"
000099,"painting of castle towers","deep property determine election after foot"
000100,"painting of castle towers","oh he technology avoid themselves explain"
